Country,WHO region,ISO3,,,,,,,,,,,,,,,,,,,,,,,,,,,,,,,,,,,
,,,,post vaccination,,,,,,,,,,,,number of carriers prevented ('000s),,,,,,,,,pre vaccination,,,,,,post vaccination,,,,,Difference,
,,,Year,< 5 years,,,< 5 years,,,General population,,,General population,,,< 5 years,Lower CI,Upper CI,General population,Lower CI,Upper CI,,,,Total pop,,,,,,Total Pop,,,,,,
,,,,Estimated prevalence %,Lower CI,Upper CI,Estimated number of carriers,Lower CI,Upper CI,Estimated prevalence %,Lower CI,Upper CI,Estimated number of carriers('000s),Lower CI,Upper CI,,,,,,,,Estimated prevalence %,Lower CI,Upper CI,Estimated number of carriers,Lower CI,Upper CI,Estimated prevalence %,Lower CI,Upper CI,Estimated number of carriers('000s),Lower CI,Upper CI,Estimated number of carriers('000s),Lower CI,Upper CI
,,,,18,19,20,21,22,23,24,25,26,27,28,29,30,31,32,33,34,35,,2,3,4,5,6,7,8,9,10,11,12,13,14,15,16
Algeria,AFRO,DZA,2020,0.08,0.06,0.1,3.9,2.8,5.3,2.56,2.02,3.19,993.1,782.8,1236.6,134.7,105.4,170.8,247.3,195.1,313.6,,3.12,2.46,3.92,1368.6,1079.1,1718.6,2.27,1.79,2.83,996.6,785.5,1242.1,373.1,294.5,471.3
Angola,AFRO,AGO,2020,4.57,3.64,5.62,264.6,211,325.9,11.41,9.38,13.61,3088.5,2538.7,3684.7,415.4,342.8,494.2,1169.7,965,1400.8,,12.95,10.74,15.46,4254.9,3528.3,5081.4,10.2,8.36,12.16,3351.2,2747.6,3998.1,910.5,755.7,1074.1
Benin,AFRO,BEN,2020,2.87,2.4,3.44,54.7,45.8,65.7,10.45,9.3,11.89,1067.8,949.9,1215,171,148.3,199.5,401.3,352.9,461,,13.12,11.67,14.88,1590.9,1414.6,1804.2,9.26,8.24,10.52,1122.2,998.7,1275,468.2,410.1,537.6
Botswana,AFRO,BWA,2020,0.18,0.08,0.38,0.5,0.2,1,0.88,0.39,1.79,18.3,8.2,37.3,2.5,1.1,5.1,9.2,4.2,18.5,,1.26,0.56,2.53,29.6,13.3,59.5,0.8,0.36,1.63,18.8,8.4,38.3,10.6,4.8,21.2
Burkina Faso,AFRO,BFA,2020,1.66,1.39,1.93,57.6,48.2,66.9,7.58,6.87,8.36,1321.7,1197.8,1457.3,237.1,208.9,267.3,520.7,467.8,580.3,,9.4,8.53,10.4,1965.5,1782.8,2173.5,6.6,5.98,7.28,1379.2,1249.7,1521,586.3,524.2,655.6
Burundi,AFRO,BDI,2020,1.35,0.81,2.11,27.8,16.5,43.3,6.42,3.96,9.6,631.9,389.9,944.7,127.3,78,186.6,266.5,163.2,394.8,,8.37,5.13,12.44,994.8,609.8,1478.6,5.55,3.43,8.3,660.3,407.6,987.3,334.8,206.4,494.1
Cabo Verde,AFRO,CPV,2020,0.26,0.17,0.37,0.1,0.1,0.2,7.58,5.46,10.08,38.2,27.5,50.8,4.3,3.1,5.8,11.2,8,14.8,,9.62,6.94,12.73,53.5,38.6,70.8,6.9,4.97,9.17,38.3,27.6,51,15.1,10.9,19.9
Cameroon,AFRO,CMR,2020,1.75,1.49,2.05,72.1,61.1,84.3,7.52,6.82,8.24,1685.8,1530.2,1848.3,270.6,238.2,304.9,620,556.1,691.2,,9.26,8.41,10.2,2458.2,2233.8,2708.4,6.62,6.01,7.26,1758.2,1595.6,1928,700.4,626.1,779.5
Central African Republic,AFRO,CAF,2020,3.75,3.21,4.38,27.7,23.7,32.3,8.26,7.25,9.46,337.9,296.7,387.1,31,26.5,36.6,114.6,100.5,132,,8.86,7.81,10.14,428,377.4,489.6,7.57,6.67,8.66,365.6,322.2,418.1,62.3,54,73
Chad,AFRO,TCD,2020,10.79,9.15,12.78,316.3,268,374.6,21.19,18.51,24.28,2859.1,2498.6,3277.2,283.8,238.9,327,1005.2,881,1152.6,,22.33,19.46,25.67,3668.5,3197.2,4217.2,19.34,16.84,22.23,3177,2766.2,3651.5,494.7,421.2,563.5
Comoros,AFRO,COM,2020,1.16,0.15,6.73,1.4,0.2,8.3,5.68,0.76,25.21,42.4,5.6,188.1,6.1,0.8,26.3,14.1,1.9,64.4,,6.96,0.93,30.62,60.6,8.1,266.3,5.05,0.67,22.59,43.9,5.9,196.4,16.5,2.2,69.9
Congo,AFRO,COG,2020,2.56,1.94,3.31,21,16,27.2,10.09,8.18,12.27,474,384.2,576.4,64.7,52.4,80.7,160.6,129.4,198.9,,11.67,9.46,14.26,643.8,521.8,787,8.97,7.27,10.93,495,400.9,603.3,148.1,121.9,182.2
Ivory Coast,AFRO,CIV,2020,3.44,2.9,4.06,142.3,119.9,167.9,12.02,10.91,13.32,2675.1,2426.9,2963.7,421.5,370.9,480.5,1013.6,910.5,1137.3,,15.11,13.68,16.76,3984.6,3608.6,4421.5,10.69,9.67,11.82,2820,2551.4,3118.2,1166,1046.8,1307.4
Democratic Republic pf the Congo,AFRO,COD,2020,3.28,2.55,4.2,518.4,404.4,664.1,12.37,9.84,15.11,9123.4,7254.4,11139.4,1562.8,1225.6,1954.7,3490.9,2772.2,4280.7,,14.53,11.55,17.7,13012.8,10341.7,15849.4,10.78,8.57,13.18,9652,7673.8,11805.3,3346.7,2636,4109.1
Equatorial Guinea,AFRO,GNQ,2020,6.07,5.06,7.21,12.1,10.1,14.4,9.14,7.8,10.73,109.9,93.8,129.2,3.9,3.3,4.7,26.7,22.6,31.5,,8.98,7.67,10.52,126,107.5,147.5,8.7,7.43,10.19,122.1,104.3,143,3.9,3.3,4.7
Eritrea,AFRO,ERI,2020,1.02,0.59,1.71,5,2.9,8.4,4.92,2.94,7.76,150.2,89.8,236.8,23.7,13.9,37.6,62.2,37,98.6,,6.52,3.89,10.24,231.1,138,363,4.38,2.61,6.92,155.5,92.7,245.4,75.8,45.3,118.9
Ethiopia,AFRO,ETH,2020,1.59,1.36,1.85,267.3,228.2,311.1,5.48,4.93,6.13,5375.3,4841.8,6013.3,656.6,563.4,756.8,1695.1,1504.3,1912.5,,6.16,5.56,6.91,7082.9,6387.2,7948.6,4.91,4.43,5.48,5643.8,5089.2,6302.5,1446.5,1266.6,1634.3
Gabon,AFRO,GAB,2020,2.12,1.78,2.48,6.8,5.7,7.9,8.03,7.19,8.87,152.9,136.9,169,19.9,17.3,22.6,44.7,39.6,50.1,,9.31,8.36,10.29,207.2,186,229.1,7.18,6.43,7.93,159.8,143.2,176.6,47.8,42.2,53.4
Ghana,AFRO,GHA,2020,2.13,1.75,2.56,88.8,73.1,106.7,10.03,9.08,11.21,2698.6,2443.2,3015.1,382.8,336.2,433.5,928.8,831.6,1038,,12.61,11.4,14.04,3918.5,3541.7,4364,8.97,8.11,10.01,2787.9,2520.1,3110.4,1130.3,1011,1264.6
Guinea,AFRO,GIN,2020,6.07,5.1,7.24,127.4,107.1,151.9,12.83,11.05,14.73,1415.7,1218.8,1625.1,149.1,126.5,175.5,492.7,422.9,571.2,,14.61,12.57,16.79,1918.9,1651.3,2205.3,11.74,10.11,13.53,1541.5,1327.3,1777.4,372.3,319.9,430.9
Guinea-Bissau,AFRO,GNB,2020,2.11,0.41,9.75,6.4,1.3,29.8,9.94,2.17,34.58,165.3,36.1,575,24.1,5.3,80.9,55,11.9,190.8,,11.24,2.45,38.18,221.1,48.1,751.3,8.72,1.9,30.75,171.6,37.4,605.1,48.6,10.8,152
Kenya,AFRO,KEN,2020,0.4,0.33,0.48,27.9,23,33.7,1.85,1.6,2.12,865.1,747,991.3,119.3,101.9,140.1,323.9,279.4,372.7,,2.37,2.04,2.71,1272.8,1099,1458.9,1.66,1.44,1.9,892.5,772.7,1023.7,379.9,329,437.3
Lesotho,AFRO,LSO,2020,1.22,0.14,8.88,3.1,0.3,22.5,6.37,0.78,33.74,120.3,14.8,637.3,14,1.8,69.3,30.9,3.8,163.9,,7.52,0.93,39.56,161,20,847.4,5.76,0.71,30.81,123.5,15.1,660,37.6,4.9,183.7
Liberia,AFRO,LBR,2020,4.66,3.78,5.69,34.5,28,42.1,15.03,12.89,17.21,648.8,556.3,743.1,77.9,65.7,90.5,207.5,176.6,239.9,,16.8,14.41,19.2,849.7,728.8,971.1,13.52,11.55,15.51,683.7,584.3,784.4,166.6,142.4,190.6
Madagascar,AFRO,MDG,2020,2.13,1.79,2.49,87.5,73.8,102.1,7.16,6.4,8.02,1689.2,1508.7,1892.4,242,209.4,278.3,611,543.7,688.9,,8.92,8,10,2471.4,2216.3,2768.3,6.41,5.73,7.17,1775.9,1587,1986.1,698.7,621,790.7
Malawi,AFRO,MWI,2020,1.39,1.08,1.78,40.6,31.5,52.1,5.81,4.7,7.17,942,760.9,1162.3,162.5,129.2,202.6,403.6,326.4,494.4,,7.73,6.25,9.48,1478.3,1195,1812.9,5.14,4.16,6.33,982.7,795.6,1211.7,492.5,397.6,606.1
Mali,AFRO,MLI,2020,4.62,3.78,5.49,166.5,136.3,198.1,12.14,10.62,13.66,2021,1768.3,2274.5,348.9,304.3,396.4,891.9,771,1018.7,,15.72,13.77,17.76,3183.9,2788.2,3596.8,10.8,9.42,12.18,2188,1907,2466.6,997.8,875.7,1127
Mauritania,AFRO,MRT,2020,3.35,2.74,4.13,23.1,18.9,28.5,12.36,10.68,14.29,489.4,423,566,67.7,56.8,78.8,159.9,138,185.6,,14.57,12.6,16.82,677.3,585.7,781.9,11.02,9.52,12.78,512.5,442.8,594.4,164.9,141.1,189.5
Mauritius,AFRO,MUS,2020,0.41,0.06,2.93,0.3,0,1.9,2.12,0.32,13.37,25.6,3.9,161.4,1.2,0.2,7.7,7.5,1.2,44,,2.66,0.41,16.58,33.9,5.2,210.9,2.04,0.31,12.84,25.9,3.9,163.3,8.1,1.3,47.8
Mozambique,AFRO,MOZ,2020,0.59,0.21,1.36,30.5,11,70,2.23,0.87,4.98,581.1,227.1,1298.6,103.8,39.6,228.6,251.8,98.3,563,,2.91,1.14,6.46,909.1,354.9,2019.9,1.96,0.77,4.38,612.7,239.5,1368.6,298.5,116.6,652.9
Namibia,AFRO,NAM,2020,0.36,0.3,0.43,1.2,1,1.4,6.35,5.68,7.09,140,125.2,156.4,19.4,16.9,22.1,38.8,34.5,43.8,,6.87,6.16,7.71,174.6,156.4,195.8,5.56,4.97,6.2,141.2,126.4,157.6,33.4,29.3,37.9
Niger,AFRO,NER,2020,3.44,2.63,4.5,164.6,125.9,215.6,12.7,10.18,15.68,2465.4,1977.6,3044.1,462.6,368.4,563,991.5,794.1,1227,,14.32,11.5,17.62,3467.1,2782.6,4264.5,10.86,8.71,13.46,2628.8,2109.5,3257.9,844.8,679.5,1029.5
Nigeria,AFRO,NGA,2020,2.94,2.57,3.32,997.8,872.3,1126,6.21,5.66,6.85,10694.6,9752.2,11803.3,1146.4,1001.7,1301.7,3714.7,3352.3,4148.9,,7.04,6.4,7.76,14504.3,13184.8,15991.4,5.67,5.17,6.25,11679,10647.8,12879.1,2808.2,2495.5,3165.3
Rwanda,AFRO,RWA,2020,0.49,0.41,0.6,9.3,7.7,11.3,2.66,2.29,3.08,294.3,253.1,341,48.3,40.6,57.1,111.5,94.7,129.2,,3.44,2.95,3.99,445.9,382.4,516.7,2.34,2.02,2.71,303.6,261,351.4,142.3,120.9,166.7
Sao Tome and Principe,AFRO,STP,2020,1.31,0.28,6.38,0.4,0.1,2,6.58,1.48,24.35,12.3,2.8,45.6,2,0.5,7.2,4.8,1.1,17.8,,8.45,1.92,30.86,18.5,4.2,67.6,5.83,1.31,21.75,12.8,2.9,47.7,5.8,1.3,20.1
Senegal,AFRO,SEN,2020,0.93,0.8,1.08,24.4,21,28.3,8.53,7.81,9.34,1205.7,1104,1320.1,229.1,205.1,255.7,463.4,420.2,513.2,,10.76,9.86,11.78,1802.3,1651.1,1971.9,7.35,6.72,8.03,1230.6,1126,1345,575.3,521.8,633.7
Seychelles,AFRO,SYC,2020,0.09,0.03,0.23,0,0,0,0.49,0.17,1.17,0.4,0.2,1.1,0,0,0.1,0.2,0.1,0.5,,0.68,0.23,1.62,0.7,0.2,1.6,0.46,0.16,1.09,0.4,0.2,1.1,0.2,0.1,0.5
Sierra Leone,AFRO,SLE,2020,1.98,1.66,2.35,22.9,19.2,27.2,8.97,7.84,10.16,611.7,534.2,693,86.7,72.9,100.6,205.7,178.8,235.3,,10.54,9.19,11.95,840.5,733.5,952.9,7.96,6.95,9.02,635,554.4,719.3,206.7,176.6,236.8
South Africa,AFRO,ZAF,2020,3.1,2.72,3.5,178.5,156.8,201.8,9.7,8.86,10.57,5193,4746.5,5660.4,453.1,398.2,512.3,1842.2,1665.1,2016.9,,12.37,11.3,13.43,7334.4,6699.5,7962.5,9.06,8.3,9.87,5374,4921.8,5853.9,1957.8,1743.1,2170.5
South Sudan,AFRO,SSD,2020,13.03,11.29,15.14,222.5,192.8,258.4,19,16.75,21.58,1802.3,1589.4,2047.1,68,57.9,78.4,518.4,453.8,591.9,,18.67,16.49,21.24,2090.3,1846,2377.6,18.09,15.94,20.55,2024.6,1783.8,2300,68,57.9,78.4
Swaziland,AFRO,SWZ,2020,0.83,0.09,6.87,1.2,0.1,9.9,3.74,0.39,23.48,38,4,238.7,5.6,0.6,33.3,20.1,2.2,114.1,,5.39,0.56,32.26,62.5,6.5,374.3,3.37,0.35,21.49,39.1,4.1,249.3,23.2,2.5,126.4
Gambia,AFRO,GMB,2020,1.6,1.35,1.89,6.6,5.5,7.7,6.18,5.59,6.83,124.1,112.1,137,30.2,26.6,34.1,90.5,81.8,99.3,,9.95,9.04,10.92,240.4,218.5,264,5.4,4.89,5.99,130.6,118.1,144.8,109.8,98,121.6
Togo,AFRO,TGO,2020,3.27,2.71,3.92,39.9,33.1,47.9,14.78,13.31,16.47,1043.6,939.7,1162.8,143.4,126.1,163.9,339.1,301.4,383.9,,16.66,14.97,18.55,1379.4,1239.4,1536.1,13.09,11.77,14.61,1083.7,974.4,1209.8,294.6,262,331.5
Uganda,AFRO,UGA,2020,0.96,0.81,1.12,74.5,63.1,87,3.95,3.6,4.34,1499.9,1365.1,1647.4,283.7,247,323.8,658.4,590.7,730.1,,5.12,4.65,5.64,2343.1,2128.6,2581.8,3.44,3.13,3.79,1574,1431.5,1733.8,769.5,686.4,857.2
Tanzania,AFRO,TZA,2020,0.99,0.8,1.21,96.6,77.7,117.9,4.89,4.22,5.61,2442.8,2108.7,2806.1,469.4,394,543.6,1054.6,911,1219.2,,6.49,5.6,7.44,3874.5,3347.1,4442.2,4.25,3.68,4.88,2538.1,2198.4,2915.9,1330.2,1135.3,1544.5
Zambia,AFRO,ZMB,2020,1.32,1.03,1.64,38.9,30.5,48.5,5.86,4.95,6.82,903.9,764.6,1052.3,154.8,129.4,183.4,358.8,302.4,421.1,,7.35,6.23,8.53,1351.1,1144.9,1568.5,5.13,4.34,5.98,942.7,797.5,1100.1,407.7,344.5,478.1
Zimbabwe,AFRO,ZWE,2020,2.74,2.26,3.27,57.4,47.3,68.5,11,9.91,12.18,1403.6,1265.1,1554.8,224.6,197.5,254.2,678.5,609.5,756.6,,14.88,13.45,16.5,2211.8,1998.4,2453.1,9.84,8.87,10.89,1462.6,1318.6,1618.6,751.8,668.1,839.8
,,,,,,,,,,,,,,,,,,,,,,,,,,,,,,,,,,,,,
Antigua and Barbuda,PAHO,ATG,2020,0.19,0.07,0.68,0,0,0,1.16,0.42,3.87,1,0.4,3.5,0.1,0,0.2,0.2,0.1,0.8,,1.37,0.49,4.56,1.3,0.5,4.5,1.09,0.39,3.63,1.1,0.4,3.6,0.3,0.1,0.9
Argentina,PAHO,ARG,2020,0.01,0.01,0.02,0.4,0.3,0.7,0.31,0.2,0.44,127.9,85,181.5,11.5,7.6,16.3,27.1,18,38.9,,0.37,0.25,0.52,165.7,111.2,235.7,0.28,0.19,0.4,128.4,85.3,182.1,37.5,24.8,53.6
Bahamas,PAHO,BHS,2020,0.16,0.01,4.56,0,0,1.2,0.98,0.03,21.48,3.6,0.1,78.7,0.2,0,4.8,0.7,0,15.1,,1.14,0.04,24.63,4.5,0.2,96.9,0.93,0.03,20.32,3.6,0.1,79.9,0.8,0,16.9
Barbados,PAHO,BRB,2020,0.18,0.05,0.55,0,0,0.1,1.09,0.32,3.26,3,0.9,8.9,0.1,0,0.4,0.4,0.1,1.3,,1.21,0.35,3.62,3.5,1,10.4,1.04,0.3,3.12,3,0.9,9,0.5,0.1,1.5
Belize,PAHO,BLZ,2020,0.6,0.46,0.76,0.2,0.2,0.3,3.68,2.96,4.61,13.2,10.6,16.5,1.4,1.1,1.7,4.2,3.4,5.3,,4.65,3.75,5.8,18.5,14.9,23.1,3.38,2.71,4.23,13.4,10.8,16.8,5.1,4.1,6.3
Bolivia,PAHO,BOL,2020,0.14,0.05,0.29,1.7,0.6,3.4,0.64,0.25,1.32,67.6,26,138.7,6.7,2.5,14.2,21.7,8.3,45,,0.81,0.31,1.67,94.2,36.2,194.6,0.59,0.23,1.22,69.2,26.7,142.1,25.1,9.6,52.3
Brazil,PAHO,BRA,2020,0.03,0.02,0.03,4,3.3,4.8,0.63,0.57,0.7,1252.6,1125.3,1386.4,107.8,94.4,121.3,532.7,473.4,597.9,,0.89,0.8,0.99,1890.8,1699.7,2097.1,0.59,0.53,0.65,1256.5,1129,1390.7,633.6,563,711.4
Canada,PAHO,CAN,2020,0.34,0.29,0.39,6.8,5.9,7.9,1.15,1.03,1.27,411.5,369.8,455.3,13.8,12,15.7,43.3,38.6,48.9,,1.2,1.08,1.33,452.2,407.4,500.9,1.11,1,1.23,418,376.7,462.6,34.2,30,38.6
Chile,PAHO,CHL,2020,0.03,0.02,0.05,0.4,0.2,0.6,0.21,0.13,0.33,37.8,22.8,58.4,1.9,1.2,3,5.3,3.2,8.3,,0.23,0.14,0.35,43.9,26.6,67.6,0.2,0.12,0.31,38.1,23,59.1,5.7,3.5,8.9
Colombia,PAHO,COL,2020,0.15,0.12,0.19,5.6,4.6,6.9,1.3,1.09,1.55,614.9,512,733.4,50.1,40.7,60.9,230.5,189.6,278.2,,1.73,1.43,2.07,879.8,727.8,1052,1.22,1.01,1.45,620.7,516.4,739.5,258.4,211,314.5
Costa Rica,PAHO,CRI,2020,0.02,0.01,0.03,0.1,0,0.1,0.43,0.22,0.78,20.5,10.6,37.2,1.8,0.9,3.3,8.6,4.6,15.4,,0.6,0.32,1.09,30.8,16.1,55.6,0.4,0.21,0.73,20.6,10.6,37.3,10.2,5.5,18.5
Cuba,PAHO,CUB,2020,0.03,0.01,0.05,0.2,0.1,0.3,0.81,0.38,1.5,87.3,40.8,161.5,6.2,2.8,11.5,52.3,24.4,97.2,,1.28,0.6,2.37,144.7,67.5,268.9,0.77,0.36,1.43,87.5,40.8,161.8,58.2,27.2,107.6
Dominica,PAHO,DMA,2020,0.2,0.06,0.6,0,0,0,1.64,0.52,4.65,1.1,0.3,3.1,0.1,0,0.2,0.2,0.1,0.5,,1.77,0.57,5.05,1.3,0.4,3.6,1.54,0.49,4.38,1.1,0.4,3.1,0.2,0.1,0.5
Dominican Republic,PAHO,DOM,2020,0.1,0.03,0.37,1,0.3,3.7,1.38,0.42,4.81,136.2,41.2,473.4,15.5,4.7,54.4,55.2,16.7,183.9,,1.89,0.57,6.51,205.4,61.7,706.2,1.26,0.38,4.4,137.2,41.5,477.4,68.3,20.6,229.4
Ecuador,PAHO,ECU,2020,0.09,0.03,0.33,1.6,0.4,5.6,1.56,0.46,5.39,250,72.8,861.8,26.5,7.6,90.1,68.3,19.5,231.6,,1.92,0.55,6.56,338.4,97.7,1157.9,1.43,0.42,4.92,251.5,73.4,867.3,86.2,25,290.6
El Salvador,PAHO,SLV,2020,0.02,0.01,0.07,0.1,0.1,0.4,0.4,0.15,1.09,23.8,9,64.6,2.3,0.9,6.4,6.9,2.6,18.8,,0.5,0.19,1.35,32.3,12.3,87.6,0.37,0.14,1,23.9,9,64.9,8.3,3.2,22.6
Grenada,PAHO,GRD,2020,0.12,0.04,0.42,0,0,0,1.31,0.41,4.54,1.4,0.4,4.7,0.1,0,0.4,0.3,0.1,1.1,,1.57,0.48,5.46,1.8,0.5,6.1,1.22,0.38,4.2,1.4,0.4,4.7,0.4,0.1,1.3
Guatemala,PAHO,GTM,2020,0.03,0.02,0.04,0.7,0.5,0.9,0.27,0.19,0.37,42.2,29.8,58.6,5.2,3.6,7.2,11.7,8.2,16.3,,0.32,0.23,0.44,57.4,40.7,79.6,0.24,0.17,0.33,42.9,30.3,59.4,14.5,10.2,20
Guyana,PAHO,GUY,2020,0.4,0.07,2.11,0.3,0.1,1.6,2.27,0.44,10.74,16.2,3.1,76.5,1.5,0.3,7,4.5,0.9,20.9,,2.77,0.53,13.04,21.8,4.2,102.6,2.09,0.4,9.93,16.4,3.2,78.1,5.4,1,24.8
Haiti,PAHO,HTI,2020,1.04,0.75,1.41,13.2,9.5,17.8,3.57,2.64,4.65,362.3,267.7,471.6,26,18.9,34.4,79.8,58.2,105.5,,3.52,2.6,4.57,401.8,296,520.9,3.29,2.43,4.28,375.6,277.1,488.4,26,18.9,34.4
Honduras,PAHO,HND,2020,0.03,0.01,0.11,0.3,0.1,1.1,0.59,0.15,2.39,52.7,13.3,212.2,6.8,1.7,27,18.8,4.7,74.1,,0.79,0.2,3.13,77.9,19.8,309.8,0.53,0.14,2.15,53,13.4,213.4,24.6,6.2,96.1
Jamaica,PAHO,JAM,2020,0.55,0.37,0.79,1.3,0.9,1.8,3.18,2.19,4.41,86.9,59.8,120.3,5.9,4.1,8.4,15.3,10.6,21.7,,3.6,2.49,5,106.6,73.8,148.1,2.98,2.05,4.12,88.2,60.8,122.1,18.4,12.8,25.8
Mexico,PAHO,MEX,2020,0.03,0.02,0.04,3.2,2.5,4,0.8,0.7,0.91,940.1,825.2,1079.2,93.6,79.7,108.5,284.7,248.8,328.8,,1.01,0.89,1.16,1302.1,1144.4,1499.2,0.73,0.64,0.84,943.4,828.5,1082.9,360,313.7,416.2
Nicaragua,PAHO,NIC,2020,0.09,0.05,0.17,0.6,0.3,1.1,0.53,0.26,0.92,31.5,15.8,54.6,3.3,1.6,5.7,11,5.5,19.3,,0.68,0.34,1.18,45,22.7,77.9,0.48,0.24,0.84,32.1,16.1,55.9,12.9,6.4,22.1
Panama,PAHO,PAN,2020,0.07,0.05,0.09,0.3,0.2,0.3,1.28,1.04,1.57,50.4,40.7,61.6,5.3,4.3,6.6,15.4,12.5,18.9,,1.64,1.33,2.01,70.9,57.4,86.5,1.17,0.95,1.43,50.6,41,61.9,20.3,16.5,24.8
Paraguay,PAHO,PRY,2020,0.42,0.09,2.08,3,0.6,14.6,2.27,0.48,10.43,146.2,30.6,670.6,13.4,2.8,62.6,33.6,7.2,154.5,,2.66,0.56,12.22,190,40.1,871.6,2.09,0.44,9.6,149.2,31.2,684.5,40.5,8.6,187.1
Peru,PAHO,PER,2020,0.06,0.05,0.07,1.7,1.4,2.1,1.26,1.09,1.43,379.2,328.5,430.1,35.2,30.1,40.4,79.3,68.5,91.3,,1.49,1.29,1.7,491.6,425.2,559.1,1.16,1,1.31,380.9,330.1,431.9,111.2,95.6,127.1
Saint Kitts and Nevis,PAHO,KNA,2020,0.06,0.02,0.22,0,0,0,0.94,0.33,3.36,0.5,0.2,1.8,0,0,0.1,0.1,0.1,0.5,,1.19,0.42,4.26,0.7,0.2,2.4,0.88,0.31,3.16,0.5,0.2,1.8,0.2,0.1,0.6
Saint Lucia,PAHO,LCA,2020,0.22,0.06,0.77,0,0,0.1,1.43,0.42,4.94,2.5,0.7,8.5,0.1,0,0.4,0.3,0.1,1.1,,1.59,0.46,5.41,2.9,0.8,9.9,1.36,0.4,4.7,2.5,0.7,8.6,0.4,0.1,1.3
Saint Vincent and the Grenadines,PAHO,VCT,2020,0.15,0.05,0.49,0,0,0,1.55,0.49,4.78,1.6,0.5,4.9,0.1,0,0.3,0.3,0.1,0.8,,1.75,0.55,5.39,1.9,0.6,6,1.45,0.46,4.48,1.6,0.5,5,0.3,0.1,1
Suriname,PAHO,SUR,2020,0.07,0.02,0.28,0,0,0.1,1.36,0.35,5.33,7.3,1.8,28.5,0.7,0.2,2.7,1.6,0.4,6.1,,1.59,0.4,6.22,9.3,2.4,36.5,1.25,0.32,4.88,7.3,1.9,28.6,2,0.5,7.8
Trinidad and Tobago,PAHO,TTO,2020,0.19,0.04,0.81,0.2,0,0.7,1.1,0.21,4.75,14.4,2.8,62.2,0.8,0.1,3.3,2.2,0.4,9.6,,1.23,0.24,5.31,17.2,3.3,74.3,1.04,0.2,4.51,14.6,2.8,63,2.6,0.5,11.2
United States of America,PAHO,USA,2020,0.01,0.01,0.02,2.7,2.2,3.2,0.23,0.2,0.26,706.5,624.3,794.3,50.5,43.8,57.7,285.4,247.6,324.8,,0.31,0.28,0.35,1038.8,916,1169.9,0.21,0.19,0.24,709.1,626.6,797,329,286.1,373.9
Uruguay,PAHO,URY,2020,0.15,0.02,1.21,0.4,0,2.9,0.86,0.1,6.38,27.8,3.1,206.4,1.8,0.2,13.2,7.4,0.8,53.3,,1.05,0.12,7.71,36.5,4.1,267.8,0.81,0.09,6.02,28.2,3.1,209.2,8.4,0.9,61.5
Venezuela (Bolivarian Republic of),PAHO,VEN,2020,0.15,0.12,0.18,3.5,2.9,4.3,1.96,1.67,2.27,510.6,435.3,593.1,48.1,40.2,57,158.8,133.9,184,,2.5,2.13,2.91,711.5,607,828.8,1.81,1.54,2.1,514.3,438.3,597,198,167.3,229.6
,,,,,,,,,,,,,,,,,,,,,,,,,,,,,,,,,,,,,
Bangladesh,SEARO,BGD,2020,0.51,0.43,0.61,73.4,61.2,87.3,3.11,2.76,3.5,4675.4,4157.4,5255.6,371.1,320,429.3,980.2,869.1,1106.9,,3.55,3.16,4,5840.3,5203.1,6593.5,2.88,2.57,3.24,4747.9,4227.5,5334.8,1095.9,960,1247.2
Bhutan,SEARO,BTN,2020,0.14,0.11,0.18,0.1,0.1,0.1,3.6,2.95,4.37,25.5,20.9,30.9,2.6,2.1,3.2,9.4,7.6,11.4,,4.78,3.9,5.79,36.9,30.1,44.7,3.32,2.72,4.02,25.6,21,31,11.2,9.1,13.7
Democratic People's Republic of Korea,SEARO,PRK,2020,0.2,0.01,3.49,3.5,0.3,61,6.86,0.56,53.33,1647.8,134.4,12816.5,116.5,9.5,937.6,256.1,20.4,2019.5,,7.84,0.63,60.94,2022.3,163,15710.1,6.41,0.52,49.97,1651.5,134.7,12882.9,365.1,29.4,2807.3
India,SEARO,IND,2020,0.16,0.14,0.19,188,161.8,218.1,1.95,1.77,2.15,24660.2,22365.3,27138.5,1954.9,1738.6,2200,4762.4,4254.9,5271.8,,2.1,1.91,2.32,29042.7,26327.6,31996.9,1.8,1.63,1.98,24845.2,22561,27346.4,4192.3,3745.4,4659.4
Indonesia,SEARO,IDN,2020,1.3,1.14,1.49,307.2,268.9,353.4,6.53,5.98,7.19,16307.7,14945.8,17956,1484.7,1300.8,1682.3,6403.2,5763,7132.9,,8.61,7.85,9.48,23538.9,21470.4,25917.5,6.07,5.56,6.69,16616.2,15220.5,18299.3,6920.4,6105.2,7770.8
Maldives,SEARO,MDV,2020,0.21,0.02,1.98,0.1,0,0.7,2.4,0.29,18.42,12.1,1.5,93,0.9,0.1,7.1,4.5,0.5,30.8,,3.18,0.39,23.73,17.2,2.1,128.2,2.25,0.27,17.32,12.2,1.5,93.6,5.1,0.6,34.7
Myanmar,SEARO,MMR,2020,1.11,0.91,1.32,49.9,40.9,59.7,5.62,4.9,6.46,2806.2,2444.8,3221.8,199.6,170.4,232.5,549.4,476.9,638.6,,6.31,5.51,7.25,3430.8,2995.9,3945.6,5.25,4.57,6.02,2855.5,2485.9,3276,577.1,497,667.9
Nepal,SEARO,NPL,2020,0.16,0.13,0.2,4.3,3.4,5.4,0.87,0.72,1.04,231.1,189.2,274.5,19.3,15.6,23.7,53.1,43.3,63.2,,1,0.82,1.19,292.1,239.8,347.4,0.81,0.66,0.96,235.5,192.9,279.6,57.1,46.5,68.5
Sri Lanka,SEARO,LKA,2020,0.34,0.24,0.45,5.6,3.9,7.5,2.16,1.61,2.78,426.9,317.9,550.1,29.8,21.9,39.1,77.7,57,99.5,,2.45,1.82,3.16,525,388.9,677.2,2.02,1.5,2.6,432.5,322.1,557.7,92.6,68.3,119.3
Thailand,SEARO,THA,2020,0.27,0.23,0.32,9.7,8.4,11.4,3,2.71,3.33,1982.9,1796.8,2205.6,118.3,105.3,134.2,805.9,716.2,916.3,,4.11,3.71,4.58,2868.1,2591.4,3200.2,2.85,2.59,3.17,1992.8,1805.5,2216.1,874.5,774.7,1000.2
Timor-Leste,SEARO,TLS,2020,0.72,0.55,0.93,1.3,1,1.7,5.56,4.46,6.88,63.5,50.8,78.4,8.6,6.7,10.8,18.1,14.3,22.5,,6.24,4.97,7.69,82.3,65.5,101.4,4.91,3.93,6.07,64.7,51.9,80,17.5,13.7,21.7
,,,,,,,,,,,,,,,,,,,,,,,,,,,,,,,,,,,,,
Albania,EURO,ALB,2020,0.29,0.23,0.37,0.5,0.4,0.6,7.93,7.06,8.94,215,191.3,242.4,16.9,14.8,19.3,111.8,98.5,125,,11.92,10.55,13.39,343,303.6,385.3,7.49,6.66,8.44,215.5,191.7,242.9,127.7,112.5,142.9
Andorra,EURO,AND,2020,0.02,0.01,0.04,0,0,0,0.48,0.2,1.14,0.4,0.2,0.9,0,0,0.1,0.1,0.1,0.3,,0.63,0.27,1.49,0.5,0.2,1.3,0.45,0.19,1.07,0.4,0.2,0.9,0.2,0.1,0.4
Armenia,EURO,ARM,2020,0.06,0.03,0.13,0.1,0.1,0.3,1.92,0.9,3.88,53.1,24.7,107.1,4.4,2.1,8.7,18.5,8.8,37.1,,2.55,1.19,5.15,75.7,35.4,152.6,1.8,0.84,3.62,53.2,24.8,107.3,22.6,10.7,45
Austria,EURO,AUT,2020,0.16,0.1,0.23,0.7,0.4,1.1,0.94,0.59,1.33,80.6,50.7,113.5,3.3,2.1,4.8,11.6,7.2,16.4,,1.05,0.66,1.48,94.6,59.3,133.5,0.9,0.57,1.27,81.3,51.1,114.5,13.3,8.3,18.8
Azerbaijan,EURO,AZE,2020,0.06,0.04,0.1,0.5,0.3,0.8,2.22,1.41,3.42,206.3,130.9,318.6,19,12.1,29.2,51.1,32.5,78,,2.71,1.72,4.17,275.2,174.4,422.3,2.04,1.29,3.15,206.9,131.2,319.4,68,43,103.8
Belarus,EURO,BLR,2020,0.29,0.2,0.42,1.6,1.1,2.3,10.06,7.5,13.28,895.1,667.4,1182.2,55.5,41.1,74.5,177.1,131.7,232.8,,11.88,8.87,15.75,1123,838.4,1487.8,9.49,7.07,12.53,896.5,668.4,1184.1,228.3,170,299
Belgium,EURO,BEL,2020,0.09,0.06,0.13,0.6,0.4,0.8,0.56,0.39,0.79,61.7,43,87,3,2.1,4.3,12.5,8.7,17.6,,0.66,0.46,0.93,76.2,53.2,107.4,0.54,0.37,0.76,62.3,43.4,87.8,13.9,9.8,19.8
Bosnia and Herzegovina,EURO,BIH,2020,0.63,0.21,1.92,0.8,0.3,2.6,3.21,1.08,9.14,101.1,33.8,287.8,3.1,1.1,9,11,3.6,30.8,,3.46,1.15,9.81,113.5,37.8,321.7,3.11,1.04,8.85,102,34.1,290.2,11.5,3.8,32.5
Bulgaria,EURO,BGR,2020,0.09,0.07,0.12,0.3,0.2,0.4,2.21,1.85,2.62,146.9,122.8,173.8,9.1,7.6,11,86.3,72.4,102.4,,3.48,2.93,4.13,241.8,203.9,287,2.12,1.77,2.51,147.2,123,174.1,94.9,79.6,112.5
Croatia,EURO,HRV,2020,0.12,0.1,0.16,0.2,0.2,0.3,1.12,0.93,1.34,44,36.3,52.7,1.7,1.4,2.1,4.6,3.7,5.6,,1.21,1,1.45,49.7,41,59.5,1.08,0.89,1.29,44.3,36.5,52.9,5.4,4.4,6.5
Cyprus,EURO,CYP,2020,0.34,0.26,0.45,0.2,0.2,0.3,1.8,1.44,2.22,20.6,16.5,25.3,1.1,0.9,1.4,7.9,6.3,9.8,,2.42,1.95,2.99,29.3,23.5,36.1,1.72,1.38,2.12,20.8,16.7,25.6,8.5,6.7,10.6
Denmark,EURO,DNK,2020,0.68,0.59,0.79,2.1,1.8,2.4,0.8,0.69,0.92,43.7,38.1,50.6,0,0,0,4.6,3.9,5.4,,0.79,0.69,0.92,45.7,40,53,0.79,0.69,0.92,45.7,40,53,0,0,0
Estonia,EURO,EST,2020,0.29,0.16,0.49,0.2,0.1,0.3,1.77,1.01,2.89,22.3,12.7,36.3,0.9,0.5,1.6,2.6,1.5,4.3,,1.93,1.09,3.12,25.6,14.5,41.4,1.7,0.97,2.77,22.5,12.8,36.7,3,1.7,5
Finland,EURO,FIN,2020,0.81,0.23,2.82,2.1,0.6,7.4,0.96,0.28,3.33,50.5,14.6,176,0,0,0,5.3,1.5,18.4,,0.95,0.27,3.31,52.7,15.2,183.4,0.95,0.27,3.31,52.7,15.2,183.4,0,0,0
France,EURO,FRA,2020,0.15,0.13,0.18,5.5,4.8,6.4,0.82,0.75,0.91,506.4,460.2,559.6,22.8,19.8,26.1,83.3,74.7,92.8,,0.91,0.82,1,591.8,537.5,654.7,0.78,0.71,0.87,512,465.3,565.2,80.3,70.8,90.5
Georgia,EURO,GEO,2020,0.06,0.04,0.08,0.2,0.1,0.2,1.8,1.47,2.22,67,54.5,82.7,5.1,4.1,6.4,18.8,15.2,23.1,,2.27,1.85,2.8,90.7,73.7,111.6,1.68,1.37,2.08,67.2,54.7,82.9,23.4,19.1,28.9
Germany,EURO,DEU,2020,0.21,0.17,0.24,8.4,7.1,9.9,0.97,0.88,1.08,777.2,704.4,863.4,34.5,30.2,40.1,227.1,202.8,259.6,,1.23,1.11,1.37,1029.5,933.8,1150.2,0.94,0.85,1.04,785.2,712.1,872.4,245.2,217.9,281
Greece,EURO,GRC,2020,0.14,0.12,0.16,0.6,0.5,0.7,0.81,0.71,0.91,80.6,71,91.2,2.9,2.5,3.4,21.4,18.5,24.3,,1,0.88,1.13,104.1,91.8,117.3,0.78,0.69,0.88,81.2,71.5,91.9,22.7,19.6,26
Hungary,EURO,HUN,2020,0.9,0.6,1.33,4.1,2.8,6.1,1.05,0.7,1.55,97,64.8,142.4,0,0,0,8.9,5.9,13.1,,1.05,0.7,1.54,101.2,67.6,148.4,1.05,0.7,1.54,101.2,67.6,148.4,0,0,0
Iceland,EURO,ISL,2020,0.15,0.05,0.4,0,0,0.1,0.17,0.05,0.47,0.5,0.2,1.5,0,0,0,0.1,0,0.2,,0.17,0.05,0.47,0.6,0.2,1.6,0.17,0.05,0.47,0.6,0.2,1.6,0,0,0
Ireland,EURO,IRL,2020,0.04,0.03,0.05,0.1,0.1,0.1,0.25,0.21,0.3,11.6,9.7,13.7,0.6,0.5,0.7,1.7,1.4,2,,0.26,0.22,0.31,12.9,10.8,15.3,0.24,0.2,0.28,11.7,9.8,13.8,1.2,1,1.5
Israel,EURO,ISR,2020,0.05,0.04,0.06,0.4,0.3,0.5,1.11,1,1.23,86.7,78.3,96.3,14,12.3,15.8,67.7,60.6,75.9,,1.94,1.76,2.16,168.3,152.1,187.3,1.01,0.91,1.12,87.2,78.7,96.7,81,72.3,90.8
Italy,EURO,ITA,2020,0.33,0.28,0.39,7.8,6.6,9.1,1.58,1.41,1.77,917.3,817.6,1026.6,37.7,32.3,43.5,432.7,373.4,494.4,,2.28,2.01,2.55,1376.5,1216.7,1543.6,1.53,1.36,1.71,925,824.6,1034.8,451.6,386.7,518.6
Kazakhstan,EURO,KAZ,2020,0.15,0.09,0.22,2.8,1.8,4.2,3.68,2.45,5.15,619.6,412.6,868.1,90.8,59.9,126,324.3,218.1,452.7,,5.5,3.66,7.66,1032.9,686.4,1438.6,3.32,2.21,4.64,622.8,414.6,872,411.3,275.4,572.1
Kyrgyzstan,EURO,KGZ,2020,0.15,0.04,0.72,1.1,0.3,5.5,4.17,1.22,16.54,240.2,70.3,953.3,39.3,11.2,152.9,112.3,33.8,410.5,,5.99,1.77,23.06,390.8,115.5,1504.3,3.7,1.08,14.69,241.3,70.6,958.3,149,44.6,553.2
Latvia,EURO,LVA,2020,0.27,0.12,0.56,0.3,0.1,0.6,1.36,0.68,2.79,24.1,12,49.5,1.5,0.7,3.1,8.8,4.3,17.9,,1.83,0.9,3.76,34.6,17,70.9,1.3,0.64,2.66,24.4,12.1,50.1,10.1,4.9,20.6
Lithuania,EURO,LTU,2020,0.05,0.03,0.07,0.1,0,0.1,1.4,0.98,1.88,36.1,25.3,48.6,2.3,1.6,3.2,13.9,9.8,18.7,,1.92,1.34,2.58,52.1,36.6,70.2,1.33,0.93,1.79,36.2,25.4,48.6,16.1,11.3,21.6
Luxembourg,EURO,LUX,2020,0.06,0.01,0.4,0,0,0.1,0.35,0.06,2.22,2.1,0.4,13.1,0.1,0,0.6,0.5,0.1,3.1,,0.42,0.08,2.65,2.6,0.5,16.6,0.33,0.06,2.12,2.1,0.4,13.3,0.6,0.1,3.5
Malta,EURO,MLT,2020,0.2,0.05,0.93,0,0,0.2,1.24,0.29,5.49,5.2,1.2,23,0.2,0,0.9,0.5,0.1,2.2,,1.33,0.31,5.88,5.9,1.4,26,1.19,0.27,5.26,5.3,1.2,23.2,0.6,0.1,2.7
Monaco,EURO,MCO,2020,0.15,0.04,0.55,0,0,0,0.9,0.23,3.22,0.3,0.1,0.9,0,0,0.1,0.1,0,0.2,,1.11,0.29,3.99,0.3,0.1,1.2,0.85,0.22,3.04,0.3,0.1,0.9,0.1,0,0.3
Montenegro,EURO,MNE,2020,0.67,0.18,2.17,0.2,0.1,0.8,3.29,0.92,10.11,19.5,5.4,59.7,0.9,0.2,2.6,2.5,0.7,7.5,,3.55,0.99,10.87,22.3,6.2,68.3,3.14,0.87,9.66,19.7,5.5,60.7,2.6,0.7,7.7
Netherlands,EURO,NLD,2020,0.08,0.07,0.09,0.7,0.6,0.8,0.46,0.41,0.52,74.7,66.4,84.2,2.7,2.3,3.1,7.6,6.7,8.7,,0.46,0.41,0.52,78.6,69.9,88.6,0.44,0.39,0.5,75.4,67,84.9,3.3,2.8,3.7
Norway,EURO,NOR,2020,0.02,0.01,0.03,0.1,0,0.1,0.02,0.01,0.04,1,0.4,2,0,0,0,0.1,0,0.2,,0.02,0.01,0.04,1.1,0.5,2.1,0.02,0.01,0.04,1.1,0.5,2.1,0,0,0
Poland,EURO,POL,2020,0.01,0.01,0.02,0.3,0.2,0.3,0.39,0.34,0.45,141.7,123.1,162.1,9,7.8,10.4,65.7,56.9,76.2,,0.57,0.5,0.66,216.1,188.2,248.1,0.38,0.33,0.43,142,123.4,162.4,74.2,64.5,86
Portugal,EURO,PRT,2020,0.02,0.02,0.03,0.1,0.1,0.1,0.76,0.59,0.96,74.1,58.2,93.9,3.3,2.6,4.3,25,19.4,31.7,,1,0.79,1.27,102.4,80.4,129.6,0.73,0.57,0.92,74.2,58.3,94.1,28.1,21.8,35.8
Republic of Moldava,EURO,MDA,2020,0.2,0.16,0.26,0.4,0.3,0.5,5.02,4.27,5.87,192.5,163.7,224.9,12.3,10.3,14.6,86.3,73.4,100,,7.22,6.15,8.38,291.2,247.9,338.1,4.78,4.07,5.59,192.9,164.1,225.5,97.8,83,113.5
Romania,EURO,ROU,2020,0.29,0.24,0.34,2.7,2.3,3.2,4.29,3.9,4.68,785.2,713.6,856.7,48.1,42.9,53.8,364.8,330.5,402.3,,6.22,5.66,6.78,1196.4,1089.6,1304.3,4.1,3.72,4.47,788,716.2,859.5,409.9,370.9,452.8
Russian Federation,EURO,RUS,2020,0.55,0.46,0.65,50.9,42.8,60.4,3.38,3.07,3.75,4625.9,4198,5121.4,257.5,226.6,295.8,770.2,692,859.9,,3.84,3.48,4.25,5602.2,5081.1,6208.7,3.2,2.91,3.55,4676.1,4245.3,5183.9,926.9,825.3,1036.2
San Marino,EURO,SMR,2020,0.13,0.05,0.34,0,0,0,0.48,0.17,1.28,0.2,0.1,0.4,0,0,0,0.1,0,0.2,,0.73,0.26,1.93,0.2,0.1,0.7,0.46,0.16,1.22,0.2,0.1,0.4,0.1,0,0.2
Serbia,EURO,SRB,2020,0.04,0.03,0.05,0.2,0.1,0.2,1.48,1.2,1.78,123.1,99.6,148.5,5.7,4.6,7,13.8,11.1,16.9,,1.63,1.32,1.96,142.3,115.1,171.3,1.41,1.14,1.7,123.2,99.7,148.6,19.1,15.3,23.2
Slovakia,EURO,SVK,2020,0.31,0.25,0.36,0.9,0.7,1,1.85,1.65,2.07,95.5,85.6,107.2,4.4,3.8,5.1,18.8,16.6,21.4,,2.16,1.93,2.43,117.7,105.3,132.5,1.77,1.58,1.98,96.4,86.3,108.2,21.5,18.9,24.5
Slovenia,EURO,SVN,2020,1.12,0.27,5.12,1.1,0.3,5.2,1.32,0.33,5.7,26.1,6.5,112.8,0,0,0,2.5,0.6,10.8,,1.31,0.33,5.67,27.2,6.8,118,1.31,0.33,5.67,27.2,6.8,118,0,0,0
Spain,EURO,ESP,2020,0.13,0.11,0.15,2.6,2.1,3.1,0.73,0.65,0.82,325,289.9,366.3,13,11.3,14.8,91.6,81.6,103.7,,0.91,0.81,1.03,425.4,380.5,480.1,0.7,0.63,0.79,327.5,292.3,369.2,98.1,86.9,111.6
Sweden,EURO,SWE,2020,0.13,0.1,0.17,0.8,0.6,1,0.61,0.48,0.76,57.9,45.8,71.9,2.4,1.9,3.1,6.6,5.2,8.3,,0.62,0.49,0.77,62.2,49.1,77.6,0.58,0.46,0.72,58.7,46.4,72.8,3.5,2.8,4.4
Switzerland,EURO,CHE,2020,0.16,0.1,0.23,0.7,0.5,1.1,0.18,0.12,0.27,14.9,9.9,22.3,0,0,0,1.4,0.9,2.1,,0.18,0.12,0.27,15.7,10.4,23.4,0.18,0.12,0.27,15.7,10.4,23.4,0,0,0
Tajikistan,EURO,TJK,2020,0.18,0.12,0.25,2.5,1.7,3.4,5.28,3.96,6.79,432.1,323.8,555.1,83.7,62,109.7,170.2,126.3,220.2,,7.15,5.38,9.24,682.1,513.4,881.6,4.56,3.41,5.86,434.5,325.6,558.6,248.4,185.4,323.7
Czech Republic,EURO,CZE,2020,0.13,0.09,0.17,0.7,0.5,0.9,0.82,0.64,1.04,82.9,64.6,106,3.6,2.8,4.8,11.3,8.8,14.4,,0.91,0.71,1.16,97,75.8,124,0.78,0.61,1,83.6,65.1,106.9,13.4,10.4,17.2
The former Yugoslav Republic of Macedonia,EURO,MKD,2020,0.08,0.03,0.25,0.1,0,0.3,3.03,1.09,8.5,59.8,21.5,167.6,3.1,1.1,8.8,7,2.4,20.2,,3.34,1.21,9.38,69.5,25.1,195.3,2.87,1.03,8.06,59.9,21.5,167.8,9.7,3.4,27.5
Turkey,EURO,TUR,2020,0.11,0.09,0.13,7,5.7,8.7,3.64,3.28,3.99,2827.8,2551.8,3104.8,256.9,227.5,287.4,806.6,725.3,887.2,,4.6,4.17,5.04,3878.6,3515.1,4251.7,3.36,3.03,3.69,2835,2558.8,3112.2,1044.2,939.7,1143.9
Turkmenistan,EURO,TKM,2020,0.07,0.01,0.43,0.5,0.1,2.9,2.41,0.41,12.04,129.5,22,646.6,18,3,94.6,45.8,7.8,225.8,,3.2,0.54,16.04,192.9,32.8,967.2,2.16,0.37,10.77,130,22.1,649.5,62.6,10.7,316.2
Ukraine,EURO,UKR,2020,0.25,0.18,0.34,5.3,3.9,7.2,1.18,0.86,1.57,489.6,358.8,655,19.8,14.5,26.5,94.8,69.4,127.7,,1.39,1.02,1.86,605.9,444.1,811.9,1.13,0.83,1.51,495,363,662.6,110.6,81.4,149.2
United Kingdom of Great Britain and Northern Ireland,EURO,GBR,2020,0.41,0.36,0.47,16,14,18.5,0.48,0.43,0.54,305.7,272.5,347,0,0,0,34.8,30.9,39.8,,0.47,0.42,0.54,321.6,286.8,365.6,0.47,0.42,0.54,321.6,286.8,365.6,0,0,0
Uzbekistan,EURO,UZB,2020,0.16,0.13,0.2,5.4,4.3,6.9,5.3,4.6,6.05,1590.6,1382,1816.9,201.5,173.2,233.1,502.6,432.7,575.4,,6.84,5.94,7.8,2290.1,1988.4,2609.4,4.77,4.14,5.45,1596.4,1386.4,1823.4,694.2,602.7,792.5
,,,,,,,,,,,,,,,,,,,,,,,,,,,,,,,,,,,,,
Afghanistan,EMRO,AFG,2020,0.39,0.29,0.52,22.4,16.5,29.5,1.69,1.28,2.16,560.8,426.7,716.9,76.3,57.4,98.4,195.9,148,254.5,,1.96,1.5,2.51,762.1,583.4,979,1.5,1.14,1.92,583.8,445,747.2,177.9,135.5,230.2
Bahrain,EMRO,BHR,2020,0.03,0.02,0.03,0,0,0,0.55,0.49,0.6,8.7,7.8,9.5,0.7,0.6,0.8,4.1,3.6,4.6,,0.78,0.7,0.86,13.3,11.9,14.7,0.51,0.46,0.56,8.8,7.9,9.6,4.6,4,5.2
Djibouti,EMRO,DJI,2020,0.26,0.04,1.53,0.3,0,1.5,5.9,0.99,25.47,52.5,8.8,226.4,5.6,0.9,24.2,11.7,1.9,50.6,,6.72,1.13,28.55,66.4,11.2,282.1,5.33,0.9,23.06,52.7,8.9,227.9,13.6,2.3,55.1
Egypt,EMRO,EGY,2020,0.2,0.17,0.24,25.8,21.8,30.4,1.74,1.56,1.94,1562.6,1397.5,1740,261.9,228.9,300.1,861.7,758.6,969.3,,2.57,2.29,2.87,2624.9,2344.2,2935.5,1.55,1.39,1.73,1588.1,1421.2,1771.1,1037.3,913.3,1175.7
Iran,EMRO,IRN,2020,0.05,0.04,0.06,3.8,3.1,4.8,1.36,1.24,1.5,1038.9,943.1,1142.5,140,123.7,157.5,636.9,569.4,702.3,,2.16,1.95,2.36,1815.1,1641.5,1984.5,1.24,1.13,1.37,1042.9,946.5,1147.2,770.1,689.2,848.6
Iraq,EMRO,IRQ,2020,0.29,0.14,0.54,15.9,7.7,28.8,1.69,0.82,3,589.4,286.6,1045.6,100.9,48.4,177.1,295,143.7,517.6,,2.44,1.19,4.3,980.9,477.6,1729.1,1.5,0.73,2.67,604.7,294.7,1074.6,377.2,182.3,657.5
Jordan,EMRO,JOR,2020,0.56,0.38,0.77,5.9,4,8.1,2.69,1.92,3.56,246.3,175.7,325.9,30.6,21.5,41.3,130.4,93.9,172,,3.92,2.79,5.16,400.3,284.4,526.8,2.47,1.76,3.27,252.2,179.2,333.8,147.6,105.2,194.5
Kuwait,EMRO,KWT,2020,0.03,0,0.19,0.1,0,0.5,0.69,0.11,4.71,27.4,4.2,187.6,2.8,0.4,19,18.6,2.9,122.1,,1.14,0.18,7.74,48.8,7.5,330.4,0.64,0.1,4.4,27.5,4.2,188.1,21.3,3.3,140.3
Lebanon,EMRO,LBN,2020,0.07,0.06,0.09,0.4,0.3,0.5,1.15,1.01,1.32,72.2,63.2,82.4,7.6,6.6,8.9,31.7,27.6,36.3,,1.63,1.43,1.85,111.3,97.3,126.5,1.06,0.93,1.21,72.6,63.6,82.9,38.7,33.6,44.2
Libya,EMRO,LBY,2020,0.43,0.37,0.51,2.7,2.3,3.2,1.96,1.76,2.2,122.7,110.1,137.3,13.5,11.6,15.8,71,62.4,80.6,,2.97,2.65,3.34,204.3,182.2,229.2,1.82,1.64,2.04,125.3,112.5,140.1,79,68.4,89.6
Morocco,EMRO,MAR,2020,0.16,0.13,0.19,5.4,4.5,6.3,1.48,1.32,1.68,498.4,441.8,563.8,48,41.1,55,142.3,124.3,162.7,,1.84,1.62,2.08,677.4,598.6,767.9,1.37,1.21,1.54,503.8,446.8,569.9,173.4,150.8,198
Oman,EMRO,OMN,2020,0.13,0.09,0.18,0.6,0.4,0.8,3.38,2.57,4.31,157.3,119.5,200.7,22.2,16.3,28.8,114,86.2,145.7,,5.75,4.35,7.35,293.5,222.1,375.2,3.09,2.35,3.95,157.9,119.9,201.6,135.2,102.2,173.5
Pakistan,EMRO,PAK,2020,0.91,0.79,1.04,255.3,220.6,291.1,3.31,3.01,3.67,6393.7,5810,7080.3,700.8,610.2,798.4,1776.4,1596.6,1977.8,,3.86,3.5,4.27,8532.3,7738,9426.8,3.01,2.74,3.33,6652.4,6056.7,7358.6,1882.6,1669.3,2111
Qatar,EMRO,QAT,2020,0.05,0.03,0.08,0.1,0,0.1,1.28,0.79,1.9,35.2,21.7,52.2,2.3,1.4,3.4,21.8,13.3,31.8,,2.05,1.28,3.02,59.2,36.8,87.1,1.22,0.75,1.81,35.2,21.7,52.3,23.9,14.6,35
Saudi Arabia,EMRO,SAU,2020,0,0,0,0.1,0.1,0.1,0.06,0.05,0.06,18.7,16.9,20.6,2.6,2.3,2.9,14.2,12.6,16,,0.1,0.09,0.11,35.4,32,39.3,0.05,0.05,0.06,18.7,17,20.7,16.7,14.8,18.7
Somalia,EMRO,SOM,2020,6.32,5.51,7.24,178.5,155.7,204.6,14.59,13.06,16.2,1906.9,1706.2,2116.9,188.3,163.6,214.9,613.6,546.3,688.1,,14.32,12.77,15.87,2275.4,2029.4,2522.9,13.13,11.71,14.54,2086.1,1860.7,2310.8,188.3,163.6,214.9
Sudan ,EMRO,SDN,2020,1.66,1.37,2,105.4,86.9,126.5,8.44,7.47,9.5,3167.1,2802.5,3562.7,466.5,401.1,541.1,1058.9,929.5,1217.7,,10.06,8.91,11.38,4412.8,3906.4,4990.2,7.46,6.6,8.4,3273.1,2893.4,3685.5,1144.3,1002.6,1313.5
Syrian Arab Republic,EMRO,SYR,2020,0.69,0.4,1.22,13.3,7.7,23.3,1.5,0.86,2.62,234.1,134.7,408.3,21.8,12.7,38.7,112.7,65.7,195.1,,2.09,1.22,3.61,365.4,212.8,632.6,1.41,0.82,2.46,247.1,142.7,430.9,118.4,69.9,205.8
Tunisia,EMRO,TUN,2020,0.12,0.1,0.16,1.3,1,1.6,3.03,2.71,3.37,328.1,293,364.6,35.2,30.7,39.9,130.4,115.1,146.7,,4.16,3.7,4.62,491.1,437,546.4,2.79,2.49,3.1,329.5,294.1,366.3,161.6,142,181.5
United Arab Emirates,EMRO,ARE,2020,0.02,0.01,0.03,0.1,0.1,0.2,0.57,0.36,0.85,53.5,33.5,79.5,3.7,2.3,5.5,29.9,18.9,44.3,,0.88,0.55,1.31,86.9,54.4,129.4,0.54,0.34,0.81,53.6,33.5,79.6,33.4,21.1,49.4
Yemen,EMRO,YEM,2020,1.76,1.47,2.08,72.4,60.4,85.7,5.77,5.05,6.58,1484,1297.2,1692,190.2,163.5,221.3,528.4,456.8,610.5,,7.14,6.27,8.13,2129.9,1869.8,2425.6,5.22,4.56,5.96,1555.6,1360.2,1776.6,572.8,500.6,661
,,,,,,,,,,,,,,,,,,,,,,,,,,,,,,,,,,,,,
Australia,WPRO,AUS,2020,0.13,0.11,0.16,2.2,1.8,2.7,0.75,0.66,0.85,178,156.8,203.3,10.3,9,11.9,35,30.8,40.2,,0.87,0.76,0.99,221,195.1,252.1,0.71,0.62,0.81,180.3,158.6,205.8,40.9,36.1,46.9
Brunei Darussalam,WPRO,BRN,2020,0.1,0.07,0.14,0,0,0,2.51,1.94,3.22,10.2,7.9,13.1,1.2,0.9,1.5,8.2,6.4,10.4,,4.46,3.46,5.66,19.5,15.2,24.8,2.33,1.8,2.99,10.2,7.9,13.1,9.3,7.3,11.8
Cambodia,WPRO,KHM,2020,0.19,0.15,0.24,3.4,2.7,4.2,4.57,3.96,5.24,682.4,591.8,782.4,82.6,70.8,95.1,173.8,150.3,200.2,,5.47,4.75,6.25,913.7,794,1045.6,4.1,3.56,4.7,685.8,594.5,785.7,228.1,197.2,262.3
China,WPRO,CHN,2020,0.22,0.18,0.28,188.1,155.1,233.6,6.44,5.84,7.08,87244.9,79141.5,95927.1,6499.9,5765.2,7258.5,38081.5,34411.7,42046.8,,9.14,8.32,10.04,131512.5,119706.4,144579.2,6.08,5.51,6.68,87447.2,79336.4,96113,44077.8,39684.9,48608.7
Cook Islands,WPRO,COK,2020,0.1,0.07,0.15,0,0,0,2.79,1.99,3.83,0.3,0.2,0.3,0,0,0,0.2,0.1,0.2,,4.65,3.32,6.4,0.5,0.3,0.6,2.61,1.86,3.58,0.3,0.2,0.4,0.2,0.1,0.3
Fiji,WPRO,FJI,2020,0.13,0.11,0.18,0.1,0.1,0.2,3.09,2.63,3.65,24.9,21.2,29.5,3.9,3.2,4.7,17,14.4,20.2,,5.09,4.34,6.03,45.7,38.9,54.1,2.8,2.38,3.3,25.1,21.3,29.6,20.7,17.5,24.5
Japan,WPRO,JPN,2020,0.96,0.85,1.07,45.7,40.6,51.4,1.12,1.01,1.24,1362.3,1229.2,1508.6,0,0,0,110.7,99.1,123.5,,1.11,1,1.23,1408.5,1270.6,1560,1.11,1,1.23,1408.5,1270.6,1560,0,0,0
Kiribati,WPRO,KIR,2020,1.57,1.27,1.97,0.2,0.2,0.3,17.94,15.6,20.35,18.7,16.3,21.2,3.7,3.2,4.2,11.7,10.4,13,,28.25,24.74,31.68,33.7,29.6,37.8,15.86,13.79,18.01,18.9,16.5,21.5,14.8,13.1,16.5
Lao People's Democratic Republic,WPRO,LAO,2020,0.68,0.58,0.79,5.4,4.6,6.3,4.89,4.33,5.47,316.8,280.5,354.7,34.5,29.7,39.2,80.9,71.1,91.1,,5.65,4.99,6.32,411.1,362.8,459.7,4.43,3.92,4.95,322.1,285.5,360.5,89.1,77.5,100.3
Malaysia,WPRO,MYS,2020,0.06,0.05,0.08,1.6,1.3,2.1,1.32,1.15,1.5,391.4,340.7,445.7,52.3,43.3,62,319.7,271,373.1,,2.35,2.03,2.71,762,656.2,877.5,1.21,1.06,1.38,393.1,342.1,447.6,368.6,311.6,430.5
Marshall Islands,WPRO,MHL,2020,0.35,0.28,0.46,0,0,0,6.73,5.72,7.89,3.7,3.1,4.3,0.3,0.3,0.4,1.8,1.5,2.1,,9.86,8.4,11.55,5.8,4.9,6.8,6.31,5.35,7.39,3.7,3.1,4.3,2.1,1.8,2.5
Micronesia (Federated States of),WPRO,FSM,2020,0.4,0.3,0.53,0,0,0.1,4.42,3.49,5.69,4.5,3.6,5.8,0.8,0.6,1,3.5,2.7,4.5,,7.68,6.05,9.78,8.8,7,11.2,3.99,3.15,5.14,4.6,3.6,5.9,4.2,3.3,5.4
Mongolia,WPRO,MNG,2020,0.47,0.37,0.59,1.7,1.4,2.2,10.56,9.25,12.02,306.4,268.6,348.8,57.3,49.4,66.1,213.1,189.1,241.5,,17.55,15.47,19.9,575.5,507,652.2,9.4,8.23,10.7,308.2,269.9,350.8,267.4,236.2,303.7
Nauru,WPRO,NRU,2020,0.52,0.42,0.66,0,0,0,11.73,10.64,12.92,1.2,1.1,1.3,0.1,0.1,0.1,0.6,0.6,0.7,,17.76,16.16,19.51,1.9,1.7,2.1,10.98,9.96,12.1,1.2,1.1,1.3,0.7,0.7,0.8
New Zealand,WPRO,NZL,2020,0.77,0.64,0.89,2.3,1.9,2.7,3.5,3.17,3.84,158.3,143.1,173.7,10.6,9.3,11.9,71.2,63.3,79.1,,4.9,4.45,5.38,236.4,214.4,259.3,3.33,3.01,3.65,160.6,145.1,176.1,76.2,67.4,85.1
Niue,WPRO,NIU,2020,0.37,0.3,0.47,0,0,0,6.97,6.04,8.12,0.1,0.1,0.1,0,0,0,0.1,0,0.1,,11.53,10.06,13.35,0.1,0.1,0.2,6.53,5.66,7.61,0.1,0.1,0.1,0.1,0.1,0.1
Palau,WPRO,PLW,2020,0.03,0.01,0.1,0,0,0,0.82,0.26,2.55,0.2,0.1,0.5,0,0,0.1,0.1,0,0.4,,1.38,0.43,4.33,0.3,0.1,0.9,0.77,0.24,2.39,0.2,0.1,0.5,0.1,0,0.4
Papua New Guinea,WPRO,PNG,2020,1.36,1.16,1.59,15.1,12.8,17.6,6.51,5.82,7.33,510.1,456.5,574.5,72.1,63.1,82.9,227.4,203.5,257.6,,8.83,7.93,9.96,790.2,709.2,891,5.87,5.26,6.61,525.2,470.4,591.2,265.4,236.4,301.7
Philippines,WPRO,PHL,2020,0.38,0.32,0.43,39.9,33.7,46.2,3.84,3.47,4.21,3798.4,3436.3,4166.1,417.4,368.1,467.8,1270.3,1144.4,1405,,4.89,4.4,5.36,5355.7,4825.3,5873,3.5,3.17,3.84,3837.7,3471.3,4211.5,1517,1360,1672.6
Republic of Korea,WPRO,KOR,2020,0.09,0.08,0.12,1.8,1.5,2.2,2.98,2.73,3.27,1473.5,1348.1,1613,61,54.2,68.1,459.7,410.2,510,,3.84,3.52,4.2,1968.3,1803.4,2151.4,2.88,2.63,3.15,1475.2,1350,1615,493.9,441.2,550.2
Samoa,WPRO,WSM,2020,0.34,0.22,0.53,0.1,0.1,0.1,3.19,2.12,4.63,5.5,3.6,7.9,1.2,0.8,1.8,4.3,2.9,6.2,,5.49,3.69,7.85,10.9,7.3,15.6,2.81,1.86,4.07,5.6,3.7,8.1,5.3,3.6,7.6
Singapore,WPRO,SGP,2020,0.13,0.11,0.16,0.3,0.3,0.4,2.8,2.52,3.11,156.6,141,174.1,8.9,7.8,10.2,78,68.7,87.2,,4.15,3.74,4.63,242.9,218.6,270.7,2.68,2.42,2.98,156.9,141.3,174.5,86,76,96.6
Solomon Islands,WPRO,SLB,2020,0.87,0.71,1.05,0.9,0.7,1.1,10.23,9.07,11.45,59.7,52.9,66.8,14.9,13.1,16.9,42.6,37.7,47.3,,16.97,15.07,18.96,116.5,103.5,130.2,8.82,7.83,9.87,60.6,53.8,67.8,55.9,49.5,62.5
Tonga,WPRO,TON,2020,0.89,0.7,1.13,0.1,0.1,0.1,10.11,8.74,11.69,9.5,8.2,10.9,1.9,1.6,2.2,8.1,7.1,9.3,,18.36,16.05,21.02,19.4,17,22.2,9.05,7.82,10.46,9.6,8.3,11.1,9.8,8.6,11.3
Tuvalu,WPRO,TUV,2020,0.24,0.17,0.33,0,0,0,5.91,4.49,7.46,0.6,0.4,0.7,0.1,0.1,0.1,0.3,0.3,0.4,,9.23,7.1,11.64,1,0.8,1.3,5.35,4.06,6.75,0.6,0.5,0.7,0.4,0.3,0.5
Vanuatu,WPRO,VUT,2020,2.25,1.88,2.68,0.9,0.8,1.1,12.77,11.34,14.22,33.9,30,37.7,6,5.2,6.7,19.2,17.2,21.3,,18.15,16.25,20.2,55.8,49.9,62,11.33,10.05,12.62,34.8,30.9,38.8,21,18.7,23.4
Viet Nam,WPRO,VNM,2020,0.64,0.53,0.76,50.1,42,59.9,10.76,9.86,11.78,9628.7,8818,10534.6,806.2,717.2,896.4,1689,1519.2,1859.8,,12.31,11.27,13.43,11981.1,10971.1,13076,9.94,9.11,10.88,9680,8863.7,10586.4,2297.6,2081.9,2520.5
,,,,,,,,,,,,,,,,,,,,,,,,,,,,,,,,,,,,,
Palestine,EMRO,OLP,,0.05,0.03,0.07,0.3,0.2,0.5,1.5,0.94,2.2,68,44,104,12,8,18,30,19,46,,2,1.3,3.1,109,71,167,1.3,0.83,1.9,69,45,104,41,26,62
,,,,,,,,,,,,,,,,,,,,,,,,,,,,,,,,,,,,,
,,,,,,,,,,,,,,,,,,,,,,,,,,,,,,,,,,,,,
,,,,post vaccination,,,,,,,,,,,,number of carriers prevented ('000s),,,,,,,,,,,,,,,,,,,,,
,,,,< 5 years,,,< 5 years,,,General population,,,General population,,,< 5 years,Lower CI,Upper CI,General population,Lower CI,Upper CI,,Pre-Vac ,,,Pre-Vac,,,Post-Vac ,,,Post-Vac ,,,Difference in numbers,,
,,,,Estimated prevalence %,Lower CI,Upper CI,Estimated number of carriers,Lower CI,Upper CI,Estimated prevalence %,Lower CI,Upper CI,Estimated number of carriers('000s),Lower CI,Upper CI,,,,,,,,Estimated prevalence %,Lower CI,Upper CI,Estimated number of carriers('000s),Lower CI,Upper CI,Estimated prevalence %,Lower CI,Upper CI,Estimated number of carriers,Lower CI,Upper CI,Estimated number of carriers('000s),Lower CI,Upper CI
,,,,,,,,,,,,,,,,,,,,30,31,,2,3,4,5,6,7,8,9,10,11,12,13,14,15,16
,,,High income,0.18,0.15,0.25,126,103,172,0.82,0.68,1.3,9728,8054,15134,419,325,734,3000,2280,5638,High income,1,0.83,1.7,12925,10511,21189,0.78,0.65,1.2,9854,8163,15301,3074,2312,5919
,,,Low income,2.39,1.95,3.01,2785,2268,3498,7.46,6.11,10.6,47891,39195,67827,6954,5611,9260,17493,14467,22691,Low income,8.9,7.29,12.3,67329,55262,93464,6.69,5.48,9.4,50690,41556,71243,16636,13536,22386
,,,Lower middle income,0.92,0.78,1.08,2863,2426,3383,3.68,3.29,4.2,103264,92395,117046,10455,9063,12180,30062,26531,34531,Lower middle income,4.4,3.93,5,137378,122677,156027,3.4,3.04,3.9,106116,94951,120273,31252,27372,36104
,,,Upper middle income,0.29,0.24,0.37,526,432,667,4.6,4.1,5.2,113710,101530,129061,8810,7633,10284,46966,41837,53157,Upper middle income,6.4,5.69,7.2,168768,151145,191208,4.3,3.84,4.9,114254,102030,129665,54531,48336,61809
,,,,,,,,,,,,,,,,,,,,,,,,,,,,,,,,,,,,,
,,,AFRO,2.53,2.1,3.07,4374,3624,5311,7.56,6.52,8.9,71714,61811,84372,9961,8300,11993,26340,22511,31209,AFRO,9.04,7.79,10.6,101443,87339,119354,6.78,5.8,7.98,76090,65584,89505,25345,21468,30144
,,,EMRO,0.84,0.7,1,722,602,867,2.89,2.51,3.4,18676,16180,21928,2323,1946,2795,6837,5803,8201,EMRO,3.62,3.12,4.3,26525,22874,31284,2.65,2.3,3.11,19402,16819,22768,7126,5995,8614
,,,EURO,0.26,0.2,0.35,144,114,195,2.04,1.71,2.6,17915,15045,22561,1315,1059,1767,4958,4098,6337,EURO,2.57,2.15,3.3,24002,20106,30362,1.93,1.6,2.44,18059,15168,22751,5951,4895,7668
,,,PAHO,0.07,0.05,0.13,54,38,95,0.68,0.53,1,6442,5015,9696,544,408,851,2070,1612,3035,PAHO,0.87,0.68,1.3,8905,6944,13327,0.64,0.5,0.96,6496,5055,9786,2408,1874,3553
,,,SEARO,0.38,0.33,0.48,643,550,806,2.85,2.51,3.8,52839,46425,69621,4306,3691,5700,13920,12223,17313,SEARO,3.35,2.94,4.4,67696,59478,88663,2.65,2.3,3.48,53480,47024,70397,14209,12250,18411
,,,WPRO,0.3,0.25,0.37,363,304,446,5.8,5.24,6.6,107008,96699,120890,8189,7229,9353,43395,38868,49922,WPRO,8.03,7.27,9.1,157829,142854,178898,5.47,4.9,6.17,107386,97050,121275,50453,45073,57828
,,,,,,,,,,,,,,,,,,,,,,,,,,,,,,,,,,,,,
,,,LDCs,2.21,1.8,2.74,3293,2678,4083,6.7,5.7,8,60924,51673,72525,8379,6896,10194,21069,17707,25305,LDCs,8,6.8,9.5,84277,71423,100460,6.1,5.1,7.2,64226,54453,76493,20066,16742,24145
,,,LLDCs,0.55,0.42,0.87,79,59,124,4.6,3.5,7.2,5504,4154,8647,782,589,1213,2294,1756,3450,LLDCs,6.3,4.8,9.8,8464,6421,13115,4.2,3.1,6.5,5585,4220,8765,2882,2189,4378
,,,SIDS,0.54,0.42,0.86,21,16,33,2.7,1.9,4.9,1203,863,2209,130,95,221,512,377,856,SIDS,3.7,2.7,6.6,1816,1319,3237,2.5,1.8,4.6,1224,881,2241,594,435,1000
,,,,,,,,,,,,,,,,,,,,,,,,,,,,,,,,,,,,,
,,,Australia and New Zealand,0.23,0.19,0.27,4.5,3.7,5.3,1.19,1.06,1.3,336,300,377,21,18,24,106,94,119,Australia and New Zealand,1.5,1.35,1.7,457,409,511,1.12,1,1.3,341,304,382,117,104,132
,,,Central Asia  and Southern Asia,0.31,0.26,0.36,565.3,478.8,667.3,2.24,1.99,2.6,41036,36443,47122,3729,3199,4473,9652,8365,11403,Central Asia  and Southern Asia,2.6,2.26,3,51452,45491,59579,2.06,1.84,2.4,41603,36994,47758,9850,8443,11890
,,,Eastern Asia  and South-eastern Asia,0.48,0.41,0.6,710.5,603.1,896.8,5.91,5.3,7,128386,115106,152463,9965,8709,11987,50684,45430,57942,Eastern Asia  and South-eastern Asia,8.1,7.26,9.5,187480,168655,220049,5.56,4.98,6.6,129113,115762,153290,58369,52000,67110
,,, Latin America and the Caribbean,0.09,0.06,0.16,44.7,29.6,84.4,0.89,0.67,1.4,5330,4023,8456,480,352,778,1742,1326,2662, Latin America and the Caribbean,1.1,0.86,1.8,7419,5624,11667,0.83,0.62,1.3,5375,4054,8537,2045,1557,3141
,,,Northern America  and Europe,0.21,0.17,0.28,129.3,104.7,167.8,1.21,1.04,1.4,12737,10958,15201,647,547,776,3161,2718,3714,Northern America  and Europe,1.5,1.26,1.7,16369,14110,19442,1.15,0.99,1.4,12865,11072,15366,3509,3008,4110
,,, Oceania,1.29,1.09,1.52,19,16.1,22.4,6.53,5.78,7.4,707,626,803,106,92,123,347,307,396, Oceania,9.2,8.18,10.5,1135,1006,1289,5.9,5.23,6.7,726,643,825,409,360,467
,,,Sub-Saharan Africa,2.66,2.21,3.23,4548.1,3776.3,5509.9,7.87,6.8,9.2,72658,62740,85387,10017,8358,12052,26710,22863,31603,Sub-Saharan Africa,9.4,8.07,11,102384,88295,120312,7.06,6.09,8.3,77209,66665,90708,25165,21338,29907
,,,Western Asia  and Northern Africa,0.47,0.37,0.6,262,206.8,334.7,2.77,2.33,3.3,12883,10849,15535,1648,1354,2028,4791,3960,5929,Western Asia  and Northern Africa,3.6,3.04,4.4,18854,15834,22894,2.52,2.13,3,13144,11067,15863,5715,4716,7073
,,,,,,,,,,,,,,,,,,,,,,,,,,,,,,,,,,,,,
,,,,,,,,,,,,,,,,,,,,,,,,,,,,,,,,,,,,,
,,,World,0.94,0.82,1.06,6349.3,5583.8,7157.2,3.89,3.62,4.2,277012.2,257601,298966,26855.1,23935,29798.6,79413,72427.7,86994.5,World,5,4.6,5.4,389854.1,360982.2,420034.2,3.6,3.4,3.9,283245.1,263612.9,305422.9,106250.5,96688.5,115976.1
